{"cameraMode":{"drawMode":0,"name":"Shaded","section":"Shading Mode"},"sceneLighting":false,"audioPlay":false,"sceneViewState":{"showFog":true,"showMaterialUpdate":false,"showSkybox":false,"showFlares":true,"showImageEffects":true,"showParticleSystems":true},"in2DMode":false,"pivot":{"x":0.5433170795440674,"y":-0.3768577575683594,"z":-0.13739752769470216},"rotation":{"x":-0.399780809879303,"y":0.1828068494796753,"z":-0.08170494437217713,"w":-0.8944761157035828},"size":2.1000173091888429,"orthographic":false}