{"cameraMode":{"drawMode":0,"name":"Shaded","section":"Shading Mode"},"sceneLighting":true,"audioPlay":false,"sceneViewState":{"showFog":true,"showMaterialUpdate":false,"showSkybox":true,"showFlares":true,"showImageEffects":true,"showParticleSystems":true},"in2DMode":false,"pivot":{"x":0.04138399660587311,"y":0.4853341579437256,"z":4.657017230987549},"rotation":{"x":-0.6579378247261047,"y":0.09229296445846558,"z":-0.08173683285713196,"w":-0.7429171800613403},"size":6.7244110107421879,"orthographic":false}